{   
   "name": "SharedData",   
   "title": "Shared Data",   
   "description": "Sharing data across worlds",   
   "author": "Stan Janssen",
   "version": "1.1.0",
   "minimumCoreVersion": "0.6.0",
   "compatibleCoreVersion":"0.6.2",
   "packs": [
    {
        "name": "stans-macros",
        "label": "Stan's Macros",
        "path": "packs/stans-macros.db",
        "entity": "Macro",
        "module": "SharedData"
    }
   ],
   "manifest": "https://raw.githubusercontent.com/janssen-io/foundry-shared-data/master/package/module.json",
   "download": "https://raw.githubusercontent.com/janssen-io/foundry-shared-data/master/dist/SharedData.zip"
 }
